<?xml version="1.0"?>
<!DOCTYPE module PUBLIC
          "-//Checkstyle//DTD Checkstyle Configuration 1.3//EN"
          "https://checkstyle.org/dtds/configuration_1_3.dtd">

<module name="Checker">
	<property name="severity" value="warning" />

	<property name="fileExtensions" value="java, properties, xml" />

	<!-- Checks that a package-info.java file exists for each package. -->
	<!-- See https://checkstyle.org/config_javadoc.html#JavadocPackage -->
	<module name="JavadocPackage">
		<property name="allowLegacy" value="false" />
	</module>

	<!-- Checks whether files end with a new line. -->
	<!-- See https://checkstyle.org/config_misc.html#NewlineAtEndOfFile -->
	<module name="NewlineAtEndOfFile" />

	<!-- Checks that property files contain the same keys. -->
	<!-- See https://checkstyle.org/config_misc.html#Translation -->
	<module name="Translation">
		<property name="severity" value="ignore" />
	</module>

	<!-- Checks for Size Violations. -->
	<!-- See https://checkstyle.org/config_sizes.html -->
	<module name="FileLength">
		<property name="fileExtensions" value="java" />
	</module>
	<module name="LineLength">
		<property name="fileExtensions" value="java"/>
		<property name="max" value="132"/>
	</module>
	
	<module name="TreeWalker">

		<!-- Checks for Javadoc comments. -->
		<!-- See https://checkstyle.org/config_javadoc.html -->
		<module name="InvalidJavadocPosition" />
		<module name="JavadocType">
			<property name="authorFormat" value="\S" />
		</module>
		<module name="JavadocMethod">
			<property name="validateThrows" value="true" />
			<property name="accessModifiers" value="public"/>
		</module>
		<module name="JavadocVariable">
			<property name="scope" value="public" />
			<property name="excludeScope" value="private" />
		</module>
		<module name="JavadocStyle">
			<property name="scope" value="public" />
		</module>
		<module name="MissingJavadocMethod" />

		<!-- Checks for Naming Conventions. -->
		<!-- See https://checkstyle.org/config_naming.html -->
		<module name="ConstantName" />
		<module name="LocalFinalVariableName" />
		<module name="LocalVariableName" />
		<module name="MemberName" />
		<module name="MethodName" />
		<module name="PackageName" />
		<module name="ParameterName" />
		<module name="StaticVariableName" />
		<module name="TypeName" />

		<!-- Checks for imports -->
		<!-- See https://checkstyle.org/config_imports.html -->
		<module name="AvoidStarImport" />
		<module name="IllegalImport" /> <!-- defaults to sun.* packages -->
		<module name="RedundantImport" />
		<module name="UnusedImports">
			<property name="processJavadoc" value="false" />
		</module>

		<!-- Checks for Size Violations. -->
		<!-- See https://checkstyle.org/config_sizes.html -->
		<module name="MethodLength" />
		<module name="ParameterNumber" />

		<!-- Checks for whitespace -->
		<!-- See https://checkstyle.org/config_whitespace.html -->
		<module name="EmptyForIteratorPad" />
		<module name="GenericWhitespace" />
		<module name="MethodParamPad" />
		<module name="NoWhitespaceAfter" />
		<module name="NoWhitespaceBefore" />
		<module name="OperatorWrap">
			<property name="tokens" value="ASSIGN" />
			<property name="tokens" value="DIV_ASSIGN" />
			<property name="tokens" value="PLUS_ASSIGN" />
			<property name="tokens" value="MINUS_ASSIGN" />
			<property name="tokens" value="STAR_ASSIGN" />
			<property name="tokens" value="MOD_ASSIGN" />
			<property name="tokens" value="SR_ASSIGN" />
			<property name="tokens" value="BSR_ASSIGN" />
			<property name="tokens" value="SL_ASSIGN" />
			<property name="tokens" value="BXOR_ASSIGN" />
			<property name="tokens" value="BOR_ASSIGN" />
			<property name="tokens" value="BAND_ASSIGN" />
			<property name="option" value="eol" />
		</module>
		<module name="ParenPad" />
		<module name="TypecastParenPad" />
		<module name="WhitespaceAfter" />
		<module name="WhitespaceAround" />

		<!-- Modifier Checks -->
		<!-- See https://checkstyle.org/config_modifiers.html -->
		<module name="ModifierOrder" />
		<module name="RedundantModifier" />

		<!-- Checks for blocks. You know, those {}'s -->
		<!-- See https://checkstyle.org/config_blocks.html -->
		<module name="AvoidNestedBlocks" />
		<module name="EmptyBlock" />
		<module name="LeftCurly">
			<property name="option" value="nl" />
			<property name="tokens" value="CLASS_DEF" />
			<property name="tokens" value="CTOR_DEF" />
			<property name="tokens" value="INTERFACE_DEF" />
			<property name="tokens" value="METHOD_DEF" />
			<property name="tokens" value="LITERAL_CATCH" />
			<property name="tokens" value="LITERAL_DO" />
			<property name="tokens" value="LITERAL_ELSE" />
			<property name="tokens" value="LITERAL_FINALLY" />
			<property name="tokens" value="LITERAL_FOR" />
			<property name="tokens" value="LITERAL_IF" />
			<property name="tokens" value="LITERAL_SWITCH" />
			<property name="tokens" value="LITERAL_SYNCHRONIZED" />
			<property name="tokens" value="LITERAL_TRY" />
			<property name="tokens" value="LITERAL_WHILE" />
		</module>
		<module name="NeedBraces" />
		<module name="RightCurly">
			<property name="option" value="alone_or_singleline" />
		</module>

		<!-- Checks for common coding problems -->
		<!-- See https://checkstyle.org/config_coding.html -->
		<module name="EmptyStatement" />
		<module name="EqualsHashCode" />
		<module name="HiddenField" />
		<module name="IllegalInstantiation" />
		<module name="InnerAssignment" />
		<module name="MagicNumber" />
		<module name="MissingSwitchDefault" />
		<module name="MultipleVariableDeclarations" />
		<module name="SimplifyBooleanExpression" />
		<module name="SimplifyBooleanReturn" />

		<!-- Checks for class design -->
		<!-- See https://checkstyle.org/config_design.html -->
		<module name="DesignForExtension" />
		<module name="FinalClass" />
		<module name="HideUtilityClassConstructor" />
		<module name="InterfaceIsType" />
		<module name="VisibilityModifier" />

		<!-- Miscellaneous other checks. -->
		<!-- See https://checkstyle.org/config_misc.html -->
		<module name="ArrayTypeStyle" />
		<module name="FinalParameters" />
		<module name="TodoComment" />
		<module name="UpperEll" />

	</module>

</module>